<?xml version="1.0" standalone="yes"?>
<DocumentElement>
  <Menuz>
    <Level>1</Level>
    <Parent />
    <Text>Trang chính</Text>
    <Code>SKG.DXF.Home.Level1</Code>
    <Picture>Icons\Home.png</Picture>
    <Order>0</Order>
    <Show>true</Show>
  </Menuz>
  <Menuz>
    <Level>1</Level>
    <Parent />
    <Text>Bến xe</Text>
    <Code>SKG.DXF.Station.Level1</Code>
    <Picture>Icons\Station.png</Picture>
    <Order>1</Order>
    <Show>true</Show>
  </Menuz>
  <Menuz>
    <Level>2</Level>
    <Parent>SKG.DXF.Home.Level1</Parent>
    <Text>Hệ thống</Text>
    <Code>SKG.DXF.Home.Sytem.Level2</Code>
    <Picture>Icons\System.png</Picture>
    <Order>2</Order>
    <Show>true</Show>
  </Menuz>
  <Menuz>
    <Level>3</Level>
    <Parent>SKG.DXF.Home.Sytem.Level2</Parent>
    <Text>Đăng nhập</Text>
    <Code>SKG.DXF.Home.Sytem.FrmPol_Login</Code>
    <Picture>Icons\Login.png</Picture>
    <Order>3</Order>
    <Show>true</Show>
  </Menuz>
  <Menuz>
    <Level>3</Level>
    <Parent>SKG.DXF.Home.Sytem.Level2</Parent>
    <Text>Cài đặt</Text>
    <Code>SKG.DXF.Home.Sytem.FrmPol_Setting</Code>
    <Picture>Icons\Setting.png</Picture>
    <Order>4</Order>
    <Show>true</Show>
  </Menuz>
  <Menuz>
    <Level>0</Level>
    <Parent>SKG.DXF.Home.Sytem.Level2</Parent>
    <Text>Phân quyền</Text>
    <Code>SKG.DXF.Home.Sytem.FrmPol_Permis</Code>
    <Picture>Icons\Permission.png</Picture>
    <Order>5</Order>
    <Show>true</Show>
  </Menuz>
  <Menuz>
    <Level>3</Level>
    <Parent>SKG.DXF.Home.Sytem.Level2</Parent>
    <Text>Đóng hết</Text>
    <Code>SKG.DXF.Home.Sytem.FrmPol_Close</Code>
    <Picture>Icons\Close.png</Picture>
    <Order>6</Order>
    <Show>true</Show>
  </Menuz>
  <Menuz>
    <Level>3</Level>
    <Parent>SKG.DXF.Home.Sytem.Level2</Parent>
    <Text>Thoát</Text>
    <Code>SKG.DXF.Home.Sytem.FrmPol_Exit</Code>
    <Picture>Icons\Exit.png</Picture>
    <Order>7</Order>
    <Show>true</Show>
  </Menuz>
  <Menuz>
    <Level>2</Level>
    <Parent>SKG.DXF.Home.Level1</Parent>
    <Text>Danh mục</Text>
    <Code>SKG.DXF.Home.Catalog.Level2</Code>
    <Picture>Icons\Catalog.png</Picture>
    <Order>8</Order>
    <Show>true</Show>
  </Menuz>
  <Menuz>
    <Level>3</Level>
    <Parent>SKG.DXF.Home.Catalog.Level2</Parent>
    <Text>Người dùng</Text>
    <Code>SKG.DXF.Home.Catalog.FrmPol_User</Code>
    <Picture>Icons\User.png</Picture>
    <Order>9</Order>
    <Show>true</Show>
  </Menuz>
  <Menuz>
    <Level>3</Level>
    <Parent>SKG.DXF.Home.Catalog.Level2</Parent>
    <Text>Nhóm người dùng</Text>
    <Code>SKG.DXF.Home.Catalog.FrmPol_Role</Code>
    <Picture>Icons\Role.png</Picture>
    <Order>10</Order>
    <Show>true</Show>
  </Menuz>
  <Menuz>
    <Level>0</Level>
    <Parent>SKG.DXF.Home.Catalog.Level2</Parent>
    <Text>Chức năng</Text>
    <Code>SKG.DXF.Home.Catalog._FrmPol_Right</Code>
    <Picture>Icons\Right.png</Picture>
    <Order>11</Order>
    <Show>true</Show>
  </Menuz>
  <Menuz>
    <Level>0</Level>
    <Parent>SKG.DXF.Station.Fixed.Level2</Parent>
    <Text>Danh mục</Text>
    <Code>SKG.DXF.Station.Fixed.FrmTra_Catalog</Code>
    <Picture>Icons\Lang.png</Picture>
    <Order>12</Order>
    <Show>true</Show>
  </Menuz>
  <Menuz>
    <Level>0</Level>
    <Parent>SKG.DXF.Home.Catalog.Level2</Parent>
    <Text>Ngôn ngữ</Text>
    <Code>SKG.DXF.Home.Catalog._FrmPol_Dictionary</Code>
    <Picture>Icons\Lang.png</Picture>
    <Order>12</Order>
    <Show>true</Show>
  </Menuz>
  <Menuz>
    <Level>0</Level>
    <Parent>SKG.DXF.Home.Catalog.Level2</Parent>
    <Text>Từ điển</Text>
    <Code>SKG.DXF.Home.Catalog.FrmPol_Dictionary</Code>
    <Picture>Icons\Lang.png</Picture>
    <Order>12</Order>
    <Show>true</Show>
  </Menuz>
  <Menuz>
    <Level>2</Level>
    <Parent>SKG.DXF.Home.Level1</Parent>
    <Text>Phân quyền</Text>
    <Code>SKG.DXF.Home.Grant.Level2</Code>
    <Picture>Icons\Permission.png</Picture>
    <Order>14</Order>
    <Show>true</Show>
  </Menuz>
  <Menuz>
    <Level>3</Level>
    <Parent>SKG.DXF.Home.Grant.Level2</Parent>
    <Text>Gán quyền người dùng</Text>
    <Code>SKG.DXF.Home.Grant._FrmPol_UserRight</Code>
    <Picture>Icons\UserRight.png</Picture>
    <Order>15</Order>
    <Show>true</Show>
  </Menuz>
  <Menuz>
    <Level>3</Level>
    <Parent>SKG.DXF.Home.Grant.Level2</Parent>
    <Text>Người dùng thuộc nhóm</Text>
    <Code>SKG.DXF.Home.Grant.FrmPol_UserRole</Code>
    <Picture>Icons\UserRole.png</Picture>
    <Order>16</Order>
    <Show>true</Show>
  </Menuz>
  <Menuz>
    <Level>3</Level>
    <Parent>SKG.DXF.Home.Grant.Level2</Parent>
    <Text>Gán quyền cho nhóm người</Text>
    <Code>SKG.DXF.Home.Grant.FrmPol_RoleRight</Code>
    <Picture>Icons\RoleRight.png</Picture>
    <Order>17</Order>
    <Show>true</Show>
  </Menuz>
  <Menuz>
    <Level>3</Level>
    <Parent>SKG.DXF.Home.Catalog.Level2</Parent>
    <Text>CA TRỰC</Text>
    <Code>SKG.DXF.Home.Catalog.FrmPol_Shift</Code>
    <Picture>Icons\Shift.png</Picture>
    <Order>20</Order>
    <Show>true</Show>
  </Menuz>
  <Menuz>
    <Level>3</Level>
    <Parent>SKG.DXF.Station.Normal.Level2</Parent>
    <Text>Nhóm xe</Text>
    <Code>SKG.DXF.Station.Normal.FrmTra_Group</Code>
    <Picture>Icons\Group.png</Picture>
    <Order>20</Order>
    <Show>true</Show>
  </Menuz>
  <Menuz>
    <Level>3</Level>
    <Parent>SKG.DXF.Station.Normal.Level2</Parent>
    <Text>Bảng giá xe vãng lai</Text>
    <Code>SKG.DXF.Station.Normal.FrmTra_Tariff</Code>
    <Picture>Icons\Kind.png</Picture>
    <Order>21</Order>
    <Show>true</Show>
  </Menuz>
  <Menuz>
    <Level>3</Level>
    <Parent>SKG.DXF.Station.Fixed.Level2</Parent>
    <Text>Bảng giá xe cố định</Text>
    <Code>SKG.DXF.Station.Fixed.FrmTra_Tariff</Code>
    <Picture>Icons\Kind.png</Picture>
    <Order>21</Order>
    <Show>true</Show>
  </Menuz>
  <Menuz>
    <Level>2</Level>
    <Parent>SKG.DXF.Station.Level1</Parent>
    <Text>Vãng lai</Text>
    <Code>SKG.DXF.Station.Normal.Level2</Code>
    <Picture>Icons\Catalog.png</Picture>
    <Order>22</Order>
    <Show>true</Show>
  </Menuz>
  <Menuz>
    <Level>3</Level>
    <Parent>SKG.DXF.Station.Fixed.Level2</Parent>
    <Text>SỬA THÔNG TIN XE CỐ ĐỊNH</Text>
    <Code>SKG.DXF.Station.Fixed.FrmTra_VehicleFixed</Code>
    <Picture>Icons\Vehicle.png</Picture>
    <Order>23</Order>
    <Show>true</Show>
  </Menuz>
  <Menuz>
    <Level>2</Level>
    <Parent>SKG.DXF.Station.Level1</Parent>
    <Text>Cố định</Text>
    <Code>SKG.DXF.Station.Fixed.Level2</Code>
    <Picture>Icons\Catalog.png</Picture>
    <Order>24</Order>
    <Show>true</Show>
  </Menuz>
  <Menuz>
    <Level>2</Level>
    <Parent>SKG.DXF.Station.Level1</Parent>
    <Text>Danh sách xe trong bến</Text>
    <Code>SKG.DXF.Station.InDepot.Level2</Code>
    <Picture>Icons\Catalog.png</Picture>
    <Order>24</Order>
    <Show>true</Show>
  </Menuz>
  <Menuz>
    <Level>3</Level>
    <Parent>SKG.DXF.Station.Normal.Level2</Parent>
    <Text>SỬA THÔNG TIN XE VÃNG LAI</Text>
    <Code>SKG.DXF.Station.Normal.FrmTra_VehicleNormal</Code>
    <Picture>Icons\Vehicle.png</Picture>
    <Order>25</Order>
    <Show>true</Show>
  </Menuz>
  <Menuz>
    <Level>2</Level>
    <Parent>SKG.DXF.Station.Level1</Parent>
    <Text>Quản lý</Text>
    <Code>SKG.DXF.Station.Manage.Level2</Code>
    <Picture>Icons\Manage.png</Picture>
    <Order>26</Order>
    <Show>true</Show>
  </Menuz>
  <Menuz>
    <Level>3</Level>
    <Parent>SKG.DXF.Station.Fixed.Level2</Parent>
    <Text>NHẬP XE CỐ ĐỊNH</Text>
    <Code>SKG.DXF.Station.Fixed.FrmTra_GateInFixed</Code>
    <Picture>Icons\GateIn.png</Picture>
    <Order>27</Order>
    <Show>true</Show>
  </Menuz>
  <Menuz>
    <Level>3</Level>
    <Parent>SKG.DXF.Station.Manage.Level2</Parent>
    <Text>NHẬP BẰNG TAY</Text>
    <Code>SKG.DXF.Station.Manage.FrmTra_ByHand</Code>
    <Picture>Icons\ByHand.png</Picture>
    <Order>27</Order>
    <Show>true</Show>
  </Menuz>
  <Menuz>
    <Level>3</Level>
    <Parent>SKG.DXF.Station.Normal.Level2</Parent>
    <Text>NHẬP XE VÃNG LAI</Text>
    <Code>SKG.DXF.Station.Normal.FrmTra_GateInNormal</Code>
    <Picture>Icons\GateIn.png</Picture>
    <Order>27</Order>
    <Show>true</Show>
  </Menuz>
  <Menuz>
    <Level>2</Level>
    <Parent>SKG.DXF.Station.Level1</Parent>
    <Text>Thống kê</Text>
    <Code>SKG.DXF.Station.Sumary.Level2</Code>
    <Picture>Icons\Sumary.png</Picture>
    <Order>27</Order>
    <Show>true</Show>
  </Menuz>
  <Menuz>
    <Level>3</Level>
    <Parent>SKG.DXF.Station.Manage.Level2</Parent>
    <Text>CỔNG RA</Text>
    <Code>SKG.DXF.Station.Manage.FrmTra_GateOut</Code>
    <Picture>Icons\GateOut.png</Picture>
    <Order>28</Order>
    <Show>true</Show>
  </Menuz>
  <Menuz>
    <Level>3</Level>
    <Parent>SKG.DXF.Station.InDepot.Level2</Parent>
    <Text>Xe vãng lai trong bến</Text>
    <Code>SKG.DXF.Station.InDepot.FrmTra_InDepotNormal</Code>
    <Picture>Icons\InDepot.png</Picture>
    <Order>28</Order>
    <Show>true</Show>
  </Menuz>
  <Menuz>
    <Level>3</Level>
    <Parent>SKG.DXF.Station.Sumary.Level2</Parent>
    <Text>Doanh thu xe vãng lai</Text>
    <Code>SKG.DXF.Station.Sumary.FrmTra_SalesNormal</Code>
    <Picture>Icons\Sales.png</Picture>
    <Order>28</Order>
    <Show>true</Show>
  </Menuz>
  <Menuz>
    <Level>3</Level>
    <Parent>SKG.DXF.Station.Sumary.Level2</Parent>
    <Text>Doanh thu xe cố định</Text>
    <Code>SKG.DXF.Station.Sumary.FrmTra_SalesFixed</Code>
    <Picture>Icons\Sales.png</Picture>
    <Order>28</Order>
    <Show>true</Show>
  </Menuz>
  <Menuz>
    <Level>3</Level>
    <Parent>SKG.DXF.Station.InDepot.Level2</Parent>
    <Text>Xe cố định trong bến</Text>
    <Code>SKG.DXF.Station.InDepot.FrmTra_InDepotFixed</Code>
    <Picture>Icons\InDepot.png</Picture>
    <Order>28</Order>
    <Show>true</Show>
  </Menuz>
  <Menuz>
    <Level>1</Level>
    <Parent />
    <Text>Trợ giúp</Text>
    <Code>SKG.DXF.Help.Level1</Code>
    <Picture>Icons\Help.png</Picture>
    <Order>99</Order>
    <Show>true</Show>
  </Menuz>
  <Menuz>
    <Level>2</Level>
    <Parent>SKG.DXF.Help.Level1</Parent>
    <Text>Tiện ích</Text>
    <Code>SKG.DXF.Help.Util.Level2</Code>
    <Picture>Icons\Catalog.png</Picture>
    <Order>991</Order>
    <Show>true</Show>
  </Menuz>
  <Menuz>
    <Level>2</Level>
    <Parent>SKG.DXF.Help.Level1</Parent>
    <Text>Thông tin</Text>
    <Code>SKG.DXF.Help.Infor.Level2</Code>
    <Picture>Icons\Catalog.png</Picture>
    <Order>995</Order>
    <Show>true</Show>
  </Menuz>
  <Menuz>
    <Level>3</Level>
    <Parent>SKG.DXF.Help.Util.Level2</Parent>
    <Text>Đăng kí</Text>
    <Code>SKG.DXF.Help.Util.FrmPol_License</Code>
    <Picture>Icons\Registry.png</Picture>
    <Order>996</Order>
    <Show>true</Show>
  </Menuz>
  <Menuz>
    <Level>3</Level>
    <Parent>SKG.DXF.Help.Infor.Level2</Parent>
    <Text>Sản phẩm</Text>
    <Code>SKG.DXF.Help.Infor.Frm_About</Code>
    <Picture>Icons\Registry.png</Picture>
    <Order>996</Order>
    <Show>true</Show>
  </Menuz>
  <Menuz>
    <Level>3</Level>
    <Parent>SKG.DXF.Help.Infor.Level2</Parent>
    <Text>Sử dụng</Text>
    <Code>SKG.DXF.Help.Infor.Frm_PolManual</Code>
    <Picture>Icons\Manual.png</Picture>
    <Order>997</Order>
    <Show>true</Show>
  </Menuz>
</DocumentElement>